player ID, trial, timestamp, x, y, rotx, roty
cccc,1,0.3612366,-44.187,-2.6,81.7578,-1.285926
cccc,1,0.7117615,-44.187,-2.6,81.7578,-1.285926
cccc,1,1.061981,-44.187,-2.6,81.7578,-1.285926
cccc,1,1.412262,-44.187,-2.6,67.63191,-4.210783
cccc,1,1.762634,-44.187,-2.6,54.50242,-4.185458
cccc,1,2.112854,-44.187,-2.6,33.72461,-3.734779
cccc,1,2.463593,-44.187,-2.6,14.1467,-4.860318
cccc,1,2.813721,-44.187,-2.6,-3.158368,-4.885313
cccc,1,3.181427,-44.187,-2.6,-27.0302,-3.804994
cccc,1,3.531342,-44.187,-2.6,-25.65545,-3.705012
cccc,1,3.881439,-44.187,-2.6,-25.75564,-3.554831
cccc,1,4.231659,-44.29499,-2.408262,-30.03437,-3.179784
cccc,1,4.582031,-44.94143,-1.303602,-31.15988,-2.879761
cccc,1,4.932404,-45.68436,-0.1172462,-32.14163,-2.82977
cccc,1,5.282745,-46.46192,1.046562,-34.49183,-2.654489
cccc,1,5.632813,-47.25401,2.19942,-34.49183,-2.654489
cccc,1,5.983459,-48.04745,3.354229,-34.49183,-2.654489
cccc,1,6.333405,-48.81032,4.524952,-27.11817,-2.504517
cccc,1,6.683655,-49.17303,5.869162,-5.402134,-2.829673
cccc,1,7.033905,-49.1021,7.262854,8.50892,-3.104701
cccc,1,7.38446,-48.85959,8.597031,9.183798,-3.079705
cccc,1,7.73468,-47.85024,9.614666,9.183798,-3.079705
cccc,1,8.084961,-46.52284,10.5949,6.929757,-2.679195
cccc,1,8.451843,-45.20243,11.7095,1.677952,-1.979324
cccc,1,8.802032,-44.34276,13.07724,-6.778156,-1.304083
cccc,1,9.15271,-43.9329,14.36238,-9.562684,-1.104088
cccc,1,9.502716,-43.03338,15.74417,-14.21183,0.1456822
cccc,1,9.853058,-42.39219,17.28228,-20.47057,0.9466926
cccc,1,10.20306,-42.79475,18.62584,-23.54531,1.07167
cccc,1,10.55362,-43.35426,19.91132,-23.41963,1.172237
cccc,1,10.90396,-43.91114,21.19698,-23.41963,1.172237
cccc,1,11.27142,-44.49519,22.54538,-23.41963,1.172237
cccc,1,11.62134,-45.05142,23.82954,-23.41963,1.172237
cccc,1,11.97156,-45.60654,25.1154,-23.11964,1.297256
cccc,1,12.32166,-46.15623,26.40297,-23.09465,1.322484
cccc,1,12.67203,-46.69447,27.69644,-22.44456,1.622429
cccc,1,13.0224,-47.22932,28.99122,-22.44456,1.622429
cccc,1,13.37262,-47.76386,30.28548,-22.36941,1.647478
cccc,1,13.7229,-48.27547,31.58919,-21.29292,1.747614
cccc,1,14.07336,-48.7058,32.91761,-7.263112,1.547163
cccc,1,14.42337,-48.69537,34.31341,7.611812,0.8971264
cccc,1,14.77396,-48.48817,35.70017,8.586823,0.8971264
cccc,1,15.12476,-48.28086,37.08787,8.136906,0.9721125
cccc,1,15.4747,-48.09092,38.47444,7.462031,1.047099
cccc,1,15.82471,-47.91472,39.86315,6.912134,1.09709
cccc,1,16.17499,-47.75741,41.255,6.286388,1.197448
cccc,1,16.52512,-47.61968,42.64848,5.236146,1.297657
cccc,1,16.87579,-47.52933,44.04744,1.804705,1.573136
cccc,1,17.22595,-47.48809,45.44689,1.679728,1.573136
cccc,1,17.57617,-47.4478,46.84667,1.27649,1.598131
cccc,1,17.9263,-47.4416,48.24657,-0.04877938,1.698113
cccc,1,18.27676,-47.47241,49.64734,-1.625506,1.848374
cccc,1,18.62695,-47.51212,51.04675,-1.625506,1.848374
cccc,1,18.97739,-47.55973,52.44691,-2.526479,1.923498
cccc,1,19.32764,-47.63574,53.84498,-3.351663,2.048475
cccc,1,19.67801,-47.71306,55.2434,-2.550498,2.173452
cccc,1,20.02832,-47.77301,56.64238,-2.45034,2.173452
cccc,1,20.37854,-47.84659,58.04016,-4.275004,2.148457
cccc,1,20.72879,-48.00476,59.43084,-8.38048,2.273539
cccc,1,21.07944,-48.21619,60.81638,-9.907604,1.839149
cccc,1,21.42947,-48.49266,62.1884,-11.48232,1.564199
cccc,1,21.77988,-48.68164,63.5703,6.639156,0.1365333
cccc,1,22.12991,-47.95544,64.71056,55.71931,1.36177
cccc,1,22.48019,-46.79801,65.49953,55.71931,1.36177
cccc,1,22.83014,-45.45313,65.68747,100.5361,-0.4628949
cccc,1,23.18033,-44.09633,65.34067,102.0605,-0.2127563
cccc,1,23.53064,-42.7179,65.08997,99.23334,0.287637
cccc,1,23.88098,-41.33443,64.86628,99.18335,0.287637
cccc,1,24.23145,-39.95063,64.64256,99.18335,0.287637
cccc,1,24.58176,-38.56659,64.4234,98.80667,0.3876187
cccc,1,24.93182,-37.18237,64.2123,97.90685,0.5375912
cccc,1,25.28247,-35.7916,64.03191,97.30572,0.6628804
cccc,1,25.63257,-34.40236,63.85588,97.20574,0.6878758
cccc,1,25.98282,-33.01252,63.68023,97.15575,0.6878758
cccc,1,26.33304,-31.62161,63.51441,96.70509,0.8132377
cccc,1,26.68353,-30.22942,63.35074,96.70509,0.8132377
cccc,1,27.03384,-28.83784,63.18715,96.70509,0.8132377
cccc,1,27.38391,-27.44727,63.02366,96.70509,0.8132377
cccc,1,27.73441,-26.05514,62.86,96.70509,0.8132377
cccc,1,28.08505,-24.66227,62.69625,96.70509,0.8132377
cccc,1,28.43497,-23.27254,62.53047,97.155,1.013201
cccc,1,28.78537,-21.88626,62.32684,98.7047,1.363137
cccc,1,29.1355,-20.50363,62.10709,100.7793,1.413127
cccc,1,29.48572,-19.13828,61.79577,103.2289,1.363137
cccc,1,29.83585,-17.78144,61.45022,103.7558,1.28815
cccc,1,30.18661,-16.39215,61.26193,96.17197,1.138178
cccc,1,30.53656,-15.08716,61.27041,94.92219,1.28815
cccc,1,30.88687,-13.83029,62.17333,95.67213,1.463119
cccc,1,31.2381,-12.51392,63.17606,99.91793,1.588096
cccc,1,31.58804,-11.15916,64.11665,101.4676,1.588096
cccc,1,31.93796,-9.754134,64.98026,103.8672,1.588096
cccc,1,32.28802,-8.305364,65.76826,108.7433,1.713234
cccc,1,32.63837,-6.789698,66.41653,117.5923,1.588257
cccc,1,32.98859,-5.222336,66.9347,116.4925,0.8379861
cccc,1,33.33905,-3.633245,67.37691,125.4232,1.088076
cccc,1,33.70596,-1.908994,67.48499,136.0699,0.7623381
cccc,1,34.05606,-0.2670868,67.33407,144.0467,0.5621625
cccc,1,34.40649,1.344398,66.97506,151.0298,-0.06344256
cccc,1,34.75674,2.910982,66.45455,154.2838,-0.7892196
cccc,1,35.10715,4.47103,65.91209,154.0081,-1.164501
cccc,1,35.45761,6.055523,65.44871,148.0445,-1.465539
cccc,1,35.80768,7.685037,65.20161,138.3173,-1.065612
cccc,1,36.17477,9.409968,65.30153,126.5521,-0.3151054
cccc,1,36.52509,11.03201,65.61158,124.0026,-0.1151421
cccc,1,36.87534,12.65278,65.92652,124.0276,-0.09014669
cccc,1,37.22556,14.2758,66.22839,125.7031,0.085231
cccc,1,37.59283,16.00034,66.35101,135.5767,-0.5661506
cccc,1,37.94278,17.64432,66.22431,140.9757,-0.8161045
cccc,1,38.29318,19.28425,66.03027,144.2024,-1.091054
cccc,1,38.64349,20.89056,65.65282,151.937,-1.717159
cccc,1,38.99344,22.45802,65.14006,153.2618,-1.792145
cccc,1,39.34387,23.94414,64.45614,149.7068,-2.192442
cccc,1,39.69418,24.48447,63.17285,165.5654,-2.292892
cccc,1,40.04465,24.62412,61.78349,183.0363,-1.241305
cccc,1,40.39468,24.32567,60.42014,198.1898,-0.6662428
cccc,1,40.7457,23.86925,59.09248,199.0646,-0.6162521
cccc,1,41.09564,23.43144,57.76345,195.4403,-1.516087
cccc,1,41.44638,22.62865,56.62789,219.6858,0.1836016
cccc,1,41.79633,21.91746,55.44613,188.4416,1.208413
cccc,1,42.14627,22.36448,54.16198,139.4756,3.932913
cccc,1,42.49667,23.53387,53.42855,110.9338,6.609855
cccc,1,42.84735,24.79053,53.31131,105.8567,7.00978
cccc,1,43.19824,26.20695,54.09412,105.2044,7.210116
cccc,1,43.54819,27.59859,54.96667,101.5051,7.13513
cccc,1,43.89816,28.94848,55.90281,95.53106,6.635221
cccc,1,44.24835,30.13035,57.04803,89.93186,5.86029
cccc,1,44.59872,31.2908,58.21736,89.93186,5.86029
cccc,1,44.94885,32.45039,59.38581,89.93186,5.86029
cccc,1,45.29938,33.61136,60.55566,89.93186,5.86029
cccc,1,45.64944,34.80049,61.69358,93.88197,5.28523
cccc,1,45.99954,36.09172,62.71623,97.8085,4.78499
cccc,1,46.35022,37.44059,63.66517,104.1405,4.835024
cccc,1,46.70047,38.89494,64.43968,108.2166,5.035157
cccc,1,47.05054,40.36847,65.17478,109.7172,5.610416
cccc,1,47.40103,41.87363,65.84598,112.3194,5.785576
cccc,1,47.75125,43.40392,66.45338,114.9701,5.910553
cccc,1,48.10156,44.96629,66.97437,117.6731,5.860562
cccc,1,48.4519,46.56256,67.37733,123.4078,5.609624
cccc,1,48.80215,48.17871,67.69495,125.8074,5.609624
cccc,1,49.1524,49.81256,67.90326,129.21,5.459397
cccc,1,49.50259,51.45769,67.91782,138.7174,4.984142
cccc,1,49.85287,53.10408,67.83303,137.7426,4.55922
cccc,1,50.20337,54.75151,67.75317,138.5674,5.209101
cccc,1,50.55356,56.38053,67.51907,146.7693,4.93398
cccc,1,50.90359,57.96275,67.0661,155.1447,4.233967
cccc,1,51.25385,59.47179,66.40406,162.5738,3.708777
cccc,1,51.62079,60.94633,65.50503,169.9081,3.308539
cccc,1,51.97107,62.25945,64.50632,173.7117,3.083475
cccc,1,52.32132,63.43115,63.35244,187.7183,2.583389
cccc,1,52.67145,64.35777,61.98927,194.5942,3.70857
cccc,1,53.02176,64.59164,60.4729,201.1003,5.109781
cccc,1,53.37244,64.02986,59.19466,204.5783,5.535067
cccc,1,53.72244,63.47973,57.91404,202.5538,5.185131
cccc,1,54.07297,62.87614,56.65528,204.0126,5.210126
cccc,1,54.42303,62.56963,55.34669,188.1371,5.310136
cccc,1,54.77325,63.28816,54.11281,185.0836,5.510327
cccc,1,55.12363,64.32679,52.83418,189.3828,5.585313
cccc,1,55.47388,65.13956,51.40442,200.84,5.360114
cccc,1,55.82407,65.64452,49.84008,213.6971,5.360114
cccc,1,56.17447,65.72898,48.1532,219.7322,5.159605
cccc,1,56.52515,64.98996,46.9522,225.3141,5.560819
cccc,1,56.87509,64.07584,46.03781,240.0614,5.135896
cccc,1,57.22537,63.61313,44.51276,239.5116,5.110901
cccc,1,57.57663,63.37543,42.8822,225.2386,5.360854
cccc,1,57.92654,63.61478,41.25741,213.2408,5.585812
cccc,1,58.27649,63.95401,39.64705,213.2408,5.585812
cccc,1,58.62698,64.29378,38.0341,213.2408,5.585812
cccc,1,58.97693,64.633,36.42374,213.2408,5.585812
cccc,1,59.32715,64.97134,34.81186,213.4916,5.635839
cccc,1,59.67752,65.26994,33.19154,215.4946,5.660834
cccc,1,60.02765,65.46038,31.55778,222.9989,5.335759
cccc,1,60.37799,65.44347,29.91051,229.3062,5.110233
cccc,1,60.72852,64.82159,28.46153,239.1416,4.759817
cccc,1,61.07861,63.62684,27.74023,239.292,4.759817
cccc,1,61.42896,62.47284,26.95749,229.7872,5.035003
cccc,1,61.77936,61.7336,25.88996,214.9502,6.363187
cccc,1,62.12985,61.87665,24.37387,214.9252,6.363187
cccc,1,62.48013,62.1667,22.75346,215.1512,6.438173
cccc,1,62.83017,62.45193,21.13353,215.3264,6.438173
cccc,1,63.18063,62.73242,19.51068,215.3764,6.438173
cccc,1,63.53094,63.01276,17.88851,215.3764,6.438173
cccc,1,63.88104,63.2929,16.26745,215.3764,6.438173
cccc,1,64.23141,63.5733,14.64497,215.3764,6.438173
cccc,1,64.58185,63.85373,13.02222,215.3764,6.438173
cccc,1,64.93188,64.13383,11.40143,215.3764,6.438173
cccc,1,65.28229,64.41425,9.778824,215.3764,6.438173
cccc,1,65.6326,64.67444,8.153416,216.4272,6.438173
cccc,1,65.98288,64.92496,6.526525,216.4272,6.438173
cccc,1,66.3335,65.1757,4.898126,216.4272,6.438173
cccc,1,66.68356,65.38347,3.26632,220.7265,5.588329
cccc,1,67.03372,65.43606,1.619983,223.9799,4.962688
cccc,1,67.38422,65.49665,-0.06449361,224.0549,4.962688
cccc,1,67.73416,66.00495,-0.2795609,225.8296,4.912698
cccc,1,68.08408,67.03033,0.6159949,231.6535,4.362801
cccc,1,68.4342,68.14825,1.280801,234.9537,4.187833
cccc,1,68.78445,68.90297,1.035049,241.9331,3.987798
cccc,1,69.1347,68.90297,0.5385328,243.284,3.962802
cccc,1,69.48505,68.90297,-0.06313347,248.4892,3.662402
cccc,1,69.8353,68.91299,-0.8011974,255.695,2.936927
cccc,1,70.18558,68.9966,-1.371604,260.9001,2.436481
cccc,1,70.53586,69.01476,-1.387583,250.5435,3.236779
cccc,1,70.8862,68.96532,-0.9935094,222.8167,5.764349
cccc,1,71.23654,68.91219,-0.1756251,221.3662,5.814395
cccc,1,71.58676,68.47646,-0.7208569,217.5384,5.038706
cccc,1,71.9371,67.71043,-1.887551,209.9562,4.287729
cccc,1,72.28741,67.07388,-3.13186,206.4034,3.862363
cccc,1,72.63766,66.45204,-4.383849,206.4284,3.862363
cccc,1,72.98795,65.80789,-5.624248,207.9042,4.012564
cccc,1,73.33923,65.15932,-6.866963,207.3186,4.036865
cccc,1,73.68918,64.55843,-8.126896,204.2942,4.111851
cccc,1,74.03973,63.98354,-9.401942,204.2692,4.111851
cccc,1,74.3898,63.40949,-10.67516,204.2692,4.111851
cccc,1,74.7402,62.8349,-11.94955,204.2692,4.111851
cccc,1,75.09055,62.26749,-13.22682,201.2166,4.136847
cccc,1,75.44113,61.98655,-14.51742,194.8506,4.637908
cccc,1,75.79141,62.62165,-15.87895,194.0001,4.562828
cccc,1,76.14151,63.44563,-17.30552,196.5008,4.788027
cccc,1,76.49155,64.21362,-18.76256,198.2009,4.788027
cccc,1,76.85867,64.94623,-20.32684,202.4672,4.688681
cccc,1,77.22565,65.56377,-21.93956,205.1123,4.663686
cccc,1,77.57584,66.06818,-23.50787,210.715,4.63869
cccc,1,77.92645,66.38054,-25.12738,216.6489,4.5887
cccc,1,78.27646,66.59969,-26.75998,218.5487,4.5887
cccc,1,78.62686,66.61513,-28.40799,226.5648,4.363035
cccc,1,78.99377,66.38658,-30.11408,239.9765,3.763241
cccc,1,79.34402,65.91508,-31.69441,243.2276,3.763241
cccc,1,79.71088,65.31923,-33.31578,245.5848,3.688255
cccc,1,80.06146,64.77439,-34.87331,239.5041,4.163621
cccc,1,80.4118,64.63242,-36.51168,226.6851,5.139968
cccc,1,80.76205,64.58728,-38.15878,226.6851,5.139968
cccc,1,81.1123,64.07741,-39.31515,225.6591,5.139968
cccc,1,81.46243,62.54035,-39.48534,218.9314,5.189959
cccc,1,81.81299,60.93501,-39.84666,205.8361,5.264254
cccc,1,82.16318,59.44526,-40.54638,194.5087,2.563364
cccc,1,82.51349,58.05149,-41.4306,192.0282,2.915004
cccc,1,82.86395,56.64406,-42.29137,194.6521,3.916947
cccc,1,83.21429,55.2823,-43.21544,185.9368,5.04404
cccc,1,83.56476,55.47287,-44.48597,178.6982,5.244625
cccc,1,83.91696,55.52118,-45.88782,178.1233,5.419592
cccc,1,84.26691,55.56682,-47.28056,178.1233,5.419592
cccc,1,84.61685,55.63319,-48.67234,175.8487,5.419592
cccc,1,84.96677,55.74231,-50.06149,175.2988,5.469583
cccc,1,85.31671,55.88046,-51.44758,172.8493,5.669545
cccc,1,85.66666,56.07739,-52.82634,170.4498,5.719536
cccc,1,86.01657,56.34534,-54.19298,168.5002,5.744531
cccc,1,86.36679,56.6232,-55.55875,168.5002,5.744531
cccc,1,86.71695,56.90198,-56.92422,167.9253,5.719536
cccc,1,87.06738,57.24773,-58.2753,165.3962,5.744987
cccc,1,87.41776,57.61102,-59.62147,162.0677,5.669657
cccc,1,87.76828,58.06415,-60.94089,160.9912,5.744771
cccc,1,88.11823,58.50485,-62.26159,165.6653,5.994726
cccc,1,88.46844,58.34718,-63.6253,201.8355,4.844141
cccc,1,88.81882,57.57378,-64.77708,226.1371,4.493642
cccc,1,89.16904,56.32713,-65.32959,263.2574,7.220166
cccc,1,89.5351,54.88465,-65.50007,263.3074,7.495116
cccc,1,89.88535,53.50894,-65.3654,286.0943,5.493993
cccc,1,90.23569,52.20694,-64.86432,285.544,5.493899
cccc,1,90.58594,50.83109,-64.65593,277.6149,6.51929
cccc,1,90.9371,49.58216,-64.97163,277.6149,6.51929
cccc,1,91.28702,48.18281,-65.89923,279.1395,6.769244
cccc,1,91.63696,46.78257,-65.84963,280.1143,6.919216
cccc,1,91.98709,45.41493,-65.59998,280.3642,6.944211
cccc,1,92.33832,44.04311,-65.34908,280.3642,6.944211
cccc,1,92.6886,42.67492,-65.09885,280.3642,6.944211
cccc,1,93.03912,41.30588,-64.84847,280.3642,6.944211
cccc,1,93.38904,40.00787,-64.71271,280.3642,6.944211
cccc,1,93.73923,38.69106,-65.47209,280.3642,6.944211
cccc,1,94.08957,37.2976,-66.34599,284.8969,6.843754
cccc,1,94.43979,35.8543,-67.1336,290.5467,6.543809
cccc,1,94.79004,34.34465,-67.7877,295.4225,6.418768
cccc,1,95.14038,32.75945,-68.23116,300.8256,6.418768
cccc,1,95.49072,31.14818,-68.56388,307.1805,6.418768
cccc,1,95.84085,29.51012,-68.71149,311.834,6.543745
cccc,1,96.19122,27.86464,-68.73611,317.3143,6.56874
cccc,1,96.54156,26.22406,-68.60889,321.0707,6.668854
cccc,1,96.89185,24.58854,-68.42722,323.3453,6.818826
cccc,1,97.24179,22.9785,-68.10242,329.7441,7.368723
cccc,1,97.59177,21.40252,-67.63996,330.769,7.668668
cccc,1,97.94205,19.82409,-67.18276,334.7957,8.243739
cccc,1,98.29239,18.36312,-66.43395,345.13,7.592949
cccc,1,98.6427,16.9549,-65.58485,347.0814,7.267746
cccc,1,98.99295,15.46666,-64.7816,337.1477,6.516755
cccc,1,99.34323,14.78055,-63.66801,337.0477,6.541789
cccc,1,99.69357,15.13546,-62.18333,327.8149,6.841985
cccc,1,100.0439,15.29784,-60.55042,313.6028,7.167396
cccc,1,100.3942,15.27129,-58.90501,314.4557,6.491732
cccc,1,100.7444,15.07542,-57.2803,298.6225,7.367947
cccc,1,101.0947,14.41722,-55.77933,282.3823,8.043572
cccc,1,101.445,13.39659,-54.49459,274.2018,8.644073
cccc,1,101.7953,12.26149,-53.31024,266.1205,8.594104
cccc,1,102.1465,10.85442,-52.43999,261.5445,9.02264
cccc,1,102.4967,9.470174,-52.53588,262.3193,8.947654
cccc,1,102.8475,8.12985,-52.86922,253.6839,9.74772
cccc,1,103.1978,6.805589,-53.25628,253.6833,10.14765
cccc,1,103.5477,5.483167,-53.64277,253.7333,10.19764
cccc,1,103.898,4.164004,-54.04506,252.1066,10.17215
cccc,1,104.2483,2.85479,-54.47869,250.1801,9.996775
cccc,1,104.5985,1.558816,-54.95059,249.9802,10.04677
cccc,1,104.9489,0.262303,-55.42299,249.9802,10.04677
cccc,1,105.2991,-1.034001,-55.89532,249.9802,10.04677
cccc,1,105.6496,-2.298489,-56.446,243.922,10.14675
cccc,1,105.9995,-3.53607,-57.0517,243.922,10.14675
cccc,1,106.3495,-4.753711,-57.69577,241.5724,10.22174
cccc,1,106.6995,-6.054624,-58.1181,262.2721,9.946746
cccc,1,107.0497,-7.432693,-58.17834,268.851,9.846638
cccc,1,107.3999,-8.812863,-58.20599,268.876,9.846638
cccc,1,107.7503,-10.19349,-58.17739,272.3792,9.671458
cccc,1,108.1006,-11.57347,-58.11715,272.8049,9.746714
cccc,1,108.4508,-12.95242,-58.04959,272.8049,9.746714
cccc,1,108.8012,-14.33224,-57.98198,272.8049,9.746714
cccc,1,109.1514,-15.70935,-57.89217,274.3556,9.921837
cccc,1,109.5016,-17.0853,-57.78737,274.3556,9.921837
cccc,1,109.852,-18.46172,-57.68254,274.3556,9.921837
cccc,1,110.2023,-19.83804,-57.57771,274.3556,9.921837
cccc,1,110.5526,-21.21527,-57.47029,275.2061,7.720335
cccc,1,110.9037,-22.60314,-57.32901,275.8567,6.519207
cccc,1,111.2542,-23.99026,-57.19624,274.8062,5.818832
cccc,1,111.6045,-25.37896,-57.08152,274.6058,6.268749
cccc,1,111.9549,-26.76585,-56.97562,274.2304,7.796843
cccc,1,112.3052,-28.15023,-56.87321,274.2304,7.796843
cccc,1,112.6552,-29.53357,-56.77089,274.2304,7.796843
cccc,1,113.0057,-30.91892,-56.66842,274.2304,7.796843
cccc,1,113.3557,-32.30222,-56.5661,274.2304,7.796843
cccc,1,113.7063,-33.68768,-56.46362,274.2304,7.796843
cccc,1,114.0564,-35.0713,-56.36127,274.2304,7.796843
cccc,1,114.4069,-36.45653,-56.2588,274.2304,7.796843
cccc,1,114.7572,-37.84129,-56.15638,274.2304,7.796843
cccc,1,115.1074,-39.22515,-56.05401,274.2304,7.796843
cccc,1,115.4745,-40.6759,-55.9467,274.2304,7.796843
cccc,1,115.8246,-42.05986,-55.84433,274.2304,7.796843
cccc,1,116.1749,-43.4443,-55.74192,274.2304,7.796843
cccc,1,116.525,-44.82767,-55.6396,274.2304,7.796843
cccc,1,116.8753,-46.21241,-55.53717,274.2304,7.796843
cccc,1,117.2258,-47.41911,-54.96596,325.5512,5.393592
cccc,1,117.5757,-47.75694,-53.62396,349.9674,5.419093
cccc,1,117.9268,-47.95679,-52.2429,1.742706,4.359951
cccc,1,118.2767,-47.34798,-51.0401,51.85849,3.860043
cccc,1,118.6266,-46.02715,-50.6963,88.32684,5.45975
cccc,1,118.9766,-44.63435,-50.65561,88.32684,5.45975
cccc,1,119.3265,-43.25042,-50.80212,98.94995,5.284783
cccc,1,119.6769,-42.03622,-51.2118,98.62454,5.284783
cccc,1,120.0272,-40.99626,-52.42122,92.31863,5.459907
cccc,1,120.3774,-39.77272,-53.52085,83.81183,5.935408
cccc,1,120.7277,-38.48959,-54.55319,83.46176,5.960403
cccc,1,121.078,-37.15939,-55.52307,79.05826,6.260794
cccc,1,121.4283,-35.74432,-56.3606,70.95193,6.485904
cccc,1,121.7791,-34.22789,-57.00665,65.8399,6.360231
cccc,1,122.1296,-32.60107,-57.32575,54.89658,6.335404
cccc,1,122.4798,-31.5117,-56.47202,42.74207,7.111161
cccc,1,122.8302,-30.5609,-55.4563,43.51694,6.736229
cccc,1,123.1806,-29.5962,-54.57081,40.69244,7.111161
cccc,1,123.5306,-28.1353,-54.13318,24.89038,7.811117
cccc,1,123.8809,-26.6221,-53.49405,18.68503,8.061357
cccc,1,124.2311,-25.23329,-52.62078,7.502686,8.086586
cccc,1,124.5815,-24.06809,-51.45705,7.477722,7.311728
cccc,1,124.9316,-23.91652,-50.08646,354.7002,8.666757
cccc,1,125.2821,-24.06926,-48.70929,353.5227,8.716748
cccc,1,125.6323,-24.24914,-47.33546,351.3212,8.216413
cccc,1,125.9831,-24.48346,-45.96649,350.1205,8.166421
cccc,1,126.3331,-24.72119,-44.60149,350.1205,8.166421
cccc,1,126.683,-25.00296,-43.24492,347.671,8.116429
cccc,1,127.033,-25.35189,-41.90461,341.9718,8.141425
cccc,1,127.3837,-25.80246,-40.59138,337.9725,8.091434
cccc,1,127.7336,-26.35944,-39.32253,336.1228,8.116429
cccc,1,128.0839,-26.92082,-38.05433,336.1228,8.116429
cccc,1,128.4342,-27.48236,-36.78579,336.1228,8.116429
cccc,1,128.7844,-27.90584,-35.47529,355.1349,8.24154
cccc,1,129.1348,-27.7445,-34.17141,10.55011,7.590924
cccc,1,129.485,-26.62733,-33.20779,10.90015,7.590924
cccc,1,129.8353,-25.27589,-32.27189,7.396759,7.490942
cccc,1,130.1855,-24.02412,-31.20677,2.718964,7.616033
cccc,1,130.5359,-22.90074,-30.00989,353.0601,8.066439
cccc,1,130.8862,-21.9014,-28.70573,351.6335,8.11643
cccc,1,131.2365,-20.99647,-27.33571,345.5545,8.266631
cccc,1,131.5869,-20.20126,-25.8987,341.8506,8.416711
cccc,1,131.9381,-19.76974,-24.34122,338.7855,8.516769
cccc,1,132.2883,-20.24634,-23.04037,338.3356,8.541765
cccc,1,132.6384,-20.74464,-21.74931,340.4364,9.06667
cccc,1,132.9885,-21.16676,-20.4329,343.3622,9.316686
cccc,1,133.3393,-21.55482,-19.10373,343.8628,9.316686
cccc,1,133.6898,-21.93273,-17.77284,344.5143,9.316686
cccc,1,134.0397,-22.27328,-16.43427,346.8388,9.29169
cccc,1,134.3898,-22.57425,-15.08565,348.2637,9.29169
cccc,1,134.7402,-22.8531,-13.73099,348.5136,9.29169
cccc,1,135.0906,-23.11261,-12.37202,349.8412,9.29169
cccc,1,135.4408,-23.34574,-11.0096,350.5162,9.29169
cccc,1,135.7911,-23.56884,-9.644794,350.9661,9.29169
cccc,1,136.1415,-23.78539,-8.27894,350.9911,9.29169
cccc,1,136.4923,-23.99301,-6.909764,351.6212,9.34176
cccc,1,136.8422,-24.18659,-5.542353,352.1711,9.391751
cccc,1,137.1922,-24.36242,-4.172623,352.8959,9.391751
cccc,1,137.5421,-24.53321,-2.802244,352.8959,9.391751
cccc,1,137.892,-24.70399,-1.431865,352.8959,9.391751
cccc,1,138.2424,-24.87496,-0.06010083,352.8959,9.391751
cccc,1,138.5927,-25.04594,1.311796,352.8959,9.391751
cccc,1,138.9429,-25.21689,2.683465,352.8959,9.391751
cccc,1,139.2932,-25.38786,4.055295,352.8959,9.391751
cccc,1,139.6435,-25.55882,5.427013,352.8959,9.391751
cccc,1,139.9938,-25.72977,6.798695,352.8959,9.391751
cccc,1,140.3441,-25.90119,8.170416,352.7958,9.391751
cccc,1,140.6943,-26.08205,9.540781,351.4698,9.41682
cccc,1,141.0447,-26.29248,10.90711,351.2196,9.41682
cccc,1,141.395,-26.50302,12.27378,351.3197,8.76631
cccc,1,141.7463,-26.71304,13.64963,351.2198,7.182678
cccc,1,142.0963,-26.9367,15.02143,350.0447,6.757414
cccc,1,142.4467,-27.18749,16.39062,349.3445,6.707424
cccc,1,142.7971,-27.47074,17.75328,347.7441,6.607442
cccc,1,143.1475,-27.78061,19.111,346.9936,6.507461
cccc,1,143.4978,-28.09395,20.46754,346.9936,6.507461
cccc,1,143.8482,-28.4074,21.82456,346.9936,6.507461
cccc,1,144.1986,-28.26193,23.17062,30.89661,6.461412
cccc,1,144.5485,-27.29776,24.17308,45.34393,5.286629
cccc,1,144.8986,-26.18167,24.97104,75.4884,4.486774
cccc,1,145.2491,-24.82177,24.78567,114.7668,5.464631
cccc,1,145.599,-23.61265,24.09441,119.8409,5.639599
cccc,1,145.949,-22.42054,23.37512,122.1905,5.989534
cccc,1,146.2991,-21.24177,22.63308,122.1905,5.989534
cccc,1,146.6494,-20.06259,21.89078,122.1905,5.989534
cccc,1,146.9996,-18.88323,21.14838,122.1905,5.989534
cccc,1,147.3499,-17.70389,20.40536,122.4407,4.28836
cccc,1,147.7002,-16.52391,19.65321,122.5159,2.811516
cccc,1,148.0505,-15.34373,18.90089,122.5159,2.811516
cccc,1,148.4008,-14.16367,18.14865,122.5159,2.811516
cccc,1,148.7511,-12.98359,17.39639,122.5159,2.811516
cccc,1,149.1014,-11.83365,16.60032,131.796,2.13599
cccc,1,149.4517,-11.368,15.3172,174.3797,1.585312
cccc,1,149.8019,-11.23085,13.92347,174.3797,1.585312
cccc,1,150.1523,-11.20355,12.53473,179.6098,2.035605
cccc,1,150.5035,-11.85669,11.33394,176.252,1.835441
cccc,1,150.8538,-12.9218,10.07299,173.7236,1.835387
cccc,1,151.2039,-13.90188,8.74581,169.9207,2.06085
cccc,1,151.5545,-14.84703,7.390603,169.8706,2.06085
cccc,1,151.9045,-15.79049,6.037632,169.8706,2.06085
cccc,1,152.2549,-16.66961,4.640754,164.4467,2.585753
cccc,1,152.6051,-17.38685,3.156326,156.8962,2.635744
cccc,1,152.9554,-17.95045,1.605034,154.5602,2.710893
cccc,1,153.3057,-18.42089,0.02461263,147.7837,2.135809
cccc,1,153.656,-18.76806,-1.589393,148.0064,1.635219
cccc,1,154.0062,-19.14191,-3.196798,148.9313,1.760196
cccc,1,154.3567,-19.43843,-4.819512,141.5494,2.109262
cccc,1,154.7234,-19.61286,-6.538812,140.0179,1.690304
cccc,1,155.0906,-19.67369,-8.267215,133.3411,1.315061
cccc,1,155.441,-19.55033,-9.914049,128.5827,1.56538
cccc,1,155.791,-19.27573,-11.53941,122.4337,2.015298
cccc,1,156.1409,-18.86377,-13.13586,118.6596,2.290246
cccc,1,156.4909,-18.33676,-14.69812,114.9354,2.59019
cccc,1,156.8412,-17.74472,-16.23848,113.009,2.71526
cccc,1,157.1915,-17.03506,-17.72764,107.7546,3.115511
cccc,1,157.5417,-16.25313,-19.1803,104.9275,3.265585
cccc,1,157.8921,-15.36583,-20.57135,101.1994,3.340906
cccc,1,158.2424,-14.44318,-21.93912,100.9482,3.289797
cccc,1,158.5927,-13.51606,-23.30364,100.3977,3.615031
cccc,1,158.9436,-12.4868,-24.59373,91.95554,3.715301
cccc,1,159.294,-11.27306,-25.70787,81.91846,3.765291
cccc,1,159.644,-9.864277,-26.5608,72.74142,3.790287
cccc,1,159.9946,-8.34971,-27.21234,63.80069,4.166048
cccc,1,160.3448,-6.771769,-27.68925,61.20108,4.140821
cccc,1,160.6951,-5.188642,-28.15147,61.20108,4.140821
cccc,1,161.0453,-3.562031,-28.36421,45.22064,4.215447
cccc,1,161.3958,-1.91841,-28.25624,34.7081,4.365768
cccc,1,161.7466,-0.3530879,-27.7426,21.57434,4.615798
cccc,1,162.0965,1.10275,-26.97556,13.6257,4.615798
cccc,1,162.4465,2.451319,-26.03204,6.251526,4.640794
cccc,1,162.7968,3.613946,-24.8075,356.7982,4.490693
cccc,1,163.1478,3.727011,-23.39153,353.9182,4.540499
cccc,1,163.4978,3.566545,-22.00565,349.6629,5.491255
cccc,1,163.8478,3.217576,-20.65706,344.7639,5.541246
cccc,1,164.1979,2.810318,-19.32414,342.1139,5.541246
cccc,1,164.5489,2.38109,-17.99413,342.1139,5.541246
cccc,1,164.8989,2.062971,-16.64507,359.0358,5.291292
cccc,1,165.2488,2.204694,-15.25924,7.734192,5.016344
cccc,1,165.5987,2.379006,-13.87568,6.884399,4.916362
cccc,1,165.9488,2.545693,-12.4905,6.859406,4.916362
cccc,1,166.2991,2.704284,-11.10334,6.258881,4.916362
cccc,1,166.6494,2.855234,-9.715549,6.183868,4.916362
cccc,1,166.9996,3.003988,-8.327807,5.983704,4.916362
cccc,1,167.3499,3.145444,-6.938983,5.608276,5.016421
cccc,1,167.7003,3.276909,-5.549384,5.357971,5.066463
cccc,1,168.0505,3.407218,-4.159976,5.357971,5.066463
cccc,1,168.4008,3.537547,-2.770363,5.357971,5.066463
cccc,1,168.7511,3.667598,-1.380592,5.207886,5.066463
cccc,1,169.1014,3.789349,0.009539392,4.882568,5.141508
cccc,1,169.4517,3.902852,1.400273,4.557404,5.216695
cccc,1,169.8029,4.014011,2.794811,4.557404,5.216695
cccc,1,170.1531,4.124877,4.18567,4.557404,5.216695
cccc,1,170.5038,4.235859,5.57799,4.557404,5.216695
cccc,1,170.8537,4.346619,6.967528,4.557404,5.216695
cccc,1,171.2042,4.457851,8.358956,4.607788,5.316676
cccc,1,171.5542,4.570435,9.74865,4.707764,5.391662
cccc,1,171.9048,4.694016,11.13919,5.334045,5.642551
cccc,1,172.2548,4.835826,12.52458,7.083618,5.942495
cccc,1,172.6051,5.056486,13.8998,9.96051,6.317654
cccc,1,172.9556,5.300351,15.27157,10.23633,6.342649
cccc,1,173.3058,5.596813,16.63173,13.5148,6.317654
cccc,1,173.6564,5.92346,17.9868,13.56485,6.317654
cccc,1,174.0065,6.333491,19.31696,18.34192,5.892379
cccc,1,174.3566,6.772681,20.63911,18.59186,5.892379
cccc,1,174.7068,7.230904,21.95507,19.49243,5.79216
cccc,1,175.0574,7.601665,23.2947,5.04538,5.817476
cccc,1,175.408,7.367978,24.65066,334.6547,7.171407
cccc,1,175.7579,6.658059,25.84485,328.7058,6.796476
cccc,1,176.1085,5.746481,26.81151,291.3699,6.473282
cccc,1,176.4584,4.599977,27.66053,261.4738,6.898291
cccc,1,176.8088,3.280712,28.64567,261.7487,6.073442
cccc,1,177.159,1.957418,28.5572,208.0391,7.250131
cccc,1,177.5093,1.556365,27.22619,195.0665,5.900378
cccc,1,177.8595,1.354649,25.86356,173.2705,7.225134
cccc,1,178.2099,1.526949,24.48392,172.9209,7.225134
cccc,1,178.5601,1.668203,23.10122,176.0228,6.87497
cccc,1,178.9103,1.753986,21.71297,176.5739,6.774944
cccc,1,179.2606,1.837148,20.3239,176.5739,6.774944
cccc,1,179.6279,1.924326,18.86774,176.5739,6.774944
cccc,1,179.9778,2.007393,17.48025,176.5739,6.774944
cccc,1,180.3278,2.090459,16.09277,176.5739,6.774944
cccc,1,180.6777,2.173537,14.7051,176.5739,6.774944
cccc,1,181.028,2.256685,13.31624,176.5739,6.774944
cccc,1,181.3783,2.339835,11.92737,176.5739,6.774944
cccc,1,181.7286,2.423001,10.53823,176.5739,6.774944
cccc,1,182.0789,2.506132,9.149654,176.5739,6.774944
cccc,1,182.4292,2.589291,7.760626,176.5739,6.774944
cccc,1,182.7795,2.672432,6.371902,176.5739,6.850019
cccc,1,183.1298,2.755571,4.983208,176.5739,6.850019
cccc,1,183.4801,2.838716,3.594407,176.5739,6.850019
cccc,1,183.8304,2.921848,2.205834,176.5739,6.850019
cccc,1,184.1807,3.00499,0.817076,176.5739,6.850019
cccc,1,184.5309,3.088128,-0.5716003,176.5739,6.850019
cccc,1,184.8812,3.171255,-1.960106,176.5739,6.850019
cccc,1,185.2315,3.254482,-3.348814,176.4988,6.875044
cccc,1,185.5826,3.357167,-4.738368,174.9947,7.651731
cccc,1,185.9331,3.488179,-6.121995,174.7942,2.679366
cccc,1,186.2834,3.610351,-7.51581,174.8704,-3.587299
cccc,1,186.6336,3.756364,-8.906145,170.7692,-2.537339
cccc,1,186.9843,4.0028,-10.28638,169.7433,-1.511147
cccc,1,187.3342,4.251978,-11.66327,169.7183,-1.486152
cccc,1,187.6848,4.523389,-13.03901,168.5646,-0.3064281
cccc,1,188.0349,4.801035,-14.41161,168.5646,-0.3064281
cccc,1,188.3849,5.102955,-15.7787,165.4402,0.04350775
cccc,1,188.7353,5.531166,-17.11216,160.2115,0.1684848
cccc,1,189.1029,6.039041,-18.49224,158.8547,0.1434894
cccc,1,189.4529,6.558505,-19.79201,158.1298,0.1434894
cccc,1,189.8028,7.218348,-21.02046,142.0828,-0.5063913
cccc,1,190.1531,8.210998,-22.00738,132.4773,-0.306194
cccc,1,190.5035,9.192807,-23.00425,142.3955,0.5208312
cccc,1,190.8535,9.995425,-24.15085,145.4199,0.4208496
cccc,1,191.2037,10.76335,-25.32228,147.597,0.4958358
cccc,1,191.554,11.51428,-26.50541,147.597,0.4958358
cccc,1,191.9044,12.26523,-27.68858,147.597,0.4958358
cccc,1,192.2547,13.01304,-28.8735,147.7973,0.5209454
cccc,1,192.6051,13.76003,-30.05958,147.7973,0.5209454
cccc,1,192.9556,14.50601,-31.24661,148.4722,0.5709362
cccc,1,193.3226,15.23388,-32.52115,150.4969,0.5959316
cccc,1,193.6727,15.92347,-33.73984,150.4969,0.5959316
cccc,1,194.0231,16.61383,-34.95989,150.4969,0.5959316
cccc,1,194.3734,17.29841,-36.18201,152.0716,0.6709177
cccc,1,194.724,17.94649,-37.4257,152.4965,0.6709177
cccc,1,195.074,18.59285,-38.66716,152.4965,0.6709177
cccc,1,195.4239,19.23921,-39.90863,152.4965,0.6709177
cccc,1,195.7738,19.88557,-41.15009,152.4965,0.6709177
cccc,1,196.124,20.53239,-42.39243,152.4965,0.6709177
cccc,1,196.4742,21.17928,-43.6349,152.4965,0.6709177
cccc,1,196.8245,21.82636,-44.87775,152.4965,0.6709177
cccc,1,197.1749,22.47339,-46.12049,152.4965,0.6709177
cccc,1,197.5251,23.16758,-47.33333,138.1045,0.1705851
cccc,1,197.8754,24.32777,-48.11168,120.7162,-1.056358
cccc,1,198.2257,25.55917,-48.77149,107.3819,0.4440323
cccc,1,198.576,26.82052,-48.3923,96.57188,0.2938004
cccc,1,198.9263,28.03555,-47.27484,91.74295,0.3437912
cccc,1,199.2774,29.278,-46.18238,97.41642,0.1438279
cccc,1,199.6281,30.64879,-45.26149,105.4566,-0.08178046
cccc,1,199.9782,32.1266,-44.52715,111.0347,-0.1317713
cccc,1,200.3284,33.68232,-43.97945,118.7914,-0.2071236
cccc,1,200.6788,35.28191,-43.56902,121.942,-0.232119
cccc,1,201.029,36.91294,-43.31993,128.9972,-0.5573091
cccc,1,201.3792,38.57365,-43.23974,136.4251,0.09294964
cccc,1,201.7294,39.88261,-43.96684,143.4832,0.7436476
cccc,1,202.0798,40.7166,-45.09322,143.4832,0.7436476
cccc,1,202.4306,41.57254,-46.20475,141.8566,0.4174828
cccc,1,202.7806,42.43723,-47.30581,141.8566,0.4174828
cccc,1,203.1309,43.34268,-48.37241,130.3291,-0.6583559
cccc,1,203.481,44.68382,-48.60171,82.96713,-0.5083835
cccc,1,203.8316,46.07547,-48.429,82.09229,-0.1834431
cccc,1,204.1817,47.0961,-47.53862,30.23827,0.5682926
cccc,1,204.5317,47.58538,-46.22973,17.49061,0.41832
cccc,1,204.882,47.70213,-44.95095,20.51855,0.3931966
cccc,1,205.2323,47.96818,-43.54988,29.53736,-0.1581012
cccc,1,205.5826,48.6097,-42.3546,27.57387,-0.4847308
cccc,1,205.9331,48.33262,-40.94754,24.19373,-0.6850537
cccc,1,206.2836,47.74583,-39.40348,24.19373,-0.6850537
cccc,1,206.6335,47.15984,-37.86152,24.19373,-0.6850537
cccc,1,206.9836,46.57345,-36.31851,24.19373,-0.6850537
cccc,1,207.3342,45.9864,-34.77377,24.19373,-0.6850537
cccc,1,207.6845,45.3999,-33.23029,24.21873,-0.6850537
cccc,1,208.0347,44.8154,-31.68625,24.29371,-0.6600583
cccc,1,208.385,44.23483,-30.57493,24.51872,-0.5600303
cccc,1,208.7352,43.65755,-30.57493,24.54375,-0.5600303
cccc,1,209.0853,43.0811,-30.57493,24.56875,-0.5600303
cccc,1,209.4352,42.48254,-30.5716,18.54486,-2.934595
cccc,1,209.7853,41.58324,-30.5659,10.62051,-6.05899
cccc,1,210.1356,40.65498,-30.56467,9.070793,-5.609073
cccc,1,210.4859,39.22232,-30.51538,-33.80907,-4.958659
cccc,1,210.8362,37.58157,-30.50607,-40.54,-4.908669
cccc,1,211.1866,35.93773,-30.50607,-40.48992,-4.883673
cccc,1,211.5368,34.29535,-30.50609,-38.71356,-4.5584
cccc,1,211.8871,32.66719,-30.50609,-32.90847,-4.283306
cccc,1,212.2378,31.0861,-30.50609,-19.702,-3.230047
cccc,1,212.5878,30.32081,-30.50609,-8.404076,-2.230231
cccc,1,212.938,30.14652,-30.50609,-6.9052,-1.780175
cccc,1,213.2883,29.06613,-29.98718,-13.08364,-1.880157
cccc,1,213.6385,27.68646,-29.08241,-7.054512,-0.8793315
cccc,1,213.9888,26.81454,-27.76293,3.104127,0.09635103
cccc,1,214.3391,26.94864,-26.36875,6.782022,0.3715676
cccc,1,214.6894,27.11468,-24.97756,6.807018,0.3715676
cccc,1,215.0397,27.28075,-23.58627,6.807018,0.3715676
cccc,1,215.3905,27.17688,-22.30693,6.756525,0.3968266
cccc,1,215.741,26.23268,-20.99992,9.659144,0.07116164
cccc,1,216.0913,25.35243,-19.6041,14.11225,-4.131923
cccc,1,216.4417,24.56203,-18.16206,17.36565,-9.059177
cccc,1,216.7917,23.79272,-16.71343,17.79057,-8.409297
cccc,1,217.1422,23.41986,-15.12473,42.40043,-4.004246
cccc,1,217.4925,23.51386,-13.48271,55.88256,-3.27938
cccc,1,217.8428,24.02437,-11.91615,68.74126,-2.179103
cccc,1,218.1929,24.82213,-10.4743,74.4141,-4.379579
cccc,1,218.5434,25.63223,-9.036956,75.59319,-3.601103
cccc,1,218.8939,26.56532,-7.675117,81.17173,-1.925863
cccc,1,219.2441,27.57589,-6.370917,84.37926,-3.153493
cccc,1,219.5945,28.63899,-5.108824,85.48264,-3.37935
cccc,1,219.9448,29.76752,-3.906988,90.83993,-4.130794
cccc,1,220.3283,31.29349,-3.039196,105.2106,-5.405851
cccc,1,220.6786,32.47143,-3.703064,142.6303,-4.229595
cccc,1,221.0286,33.10227,-4.944755,160.8828,-4.629688
cccc,1,221.3791,33.43394,-5.986399,160.3071,-5.354876
cccc,1,221.7298,33.45731,-6.051691,186.8523,-6.75462
cccc,1,222.0797,33.45731,-6.051691,213.5224,-8.304336
cccc,1,222.4299,33.45731,-6.051691,212.2476,-4.779781
cccc,1,222.7803,33.45199,-6.060156,212.1724,-4.55412
cccc,1,223.1309,32.97841,-6.812988,212.1724,-4.55412
cccc,1,223.481,32.23708,-7.995934,211.9474,-4.55412
cccc,1,223.8309,31.81121,-9.260625,172.3547,-10.653
cccc,1,224.1808,32.58851,-9.445633,132.8119,-2.754449
cccc,1,224.5309,33.69961,-9.452568,126.688,-3.12938
cccc,1,224.8813,34.96538,-9.477087,83.59672,1.826113
cccc,1,225.2316,36.34489,-9.235625,80.04081,1.976211
cccc,1,225.582,37.46475,-8.606831,80.0658,1.976211
cccc,1,225.9321,38.48425,-7.320369,90.0952,1.225755
cccc,1,226.2824,39.73933,-6.248711,96.10025,0.7003278
cccc,1,226.6329,41.04628,-5.239439,100.4799,0.3498026
cccc,1,226.983,42.42371,-4.329808,102.4074,0.1994148
cccc,1,227.3343,43.88942,-3.563483,110.3476,-0.2526233
cccc,1,227.6842,45.40649,-2.916784,114.8718,-0.477582
cccc,1,228.0342,46.99162,-2.463594,121.4956,-0.602559
cccc,1,228.3843,48.60815,-2.132618,125.0968,-0.6275544
cccc,1,228.7345,50.25011,-1.99815,137.1811,-0.5275728
cccc,1,229.0859,51.89999,-2.145653,140.0836,-0.302138
cccc,1,229.436,53.54356,-2.29514,141.4388,-0.07644025
cccc,1,229.7863,55.13947,-2.701391,155.6994,-0.9519218
cccc,1,230.1365,56.62468,-3.417286,165.3802,-1.852292
cccc,1,230.4869,58.0041,-4.324002,169.0045,-2.127242
cccc,1,230.837,59.37198,-5.246247,169.0795,-2.127242
cccc,1,231.1873,60.70415,-6.22021,173.7578,-2.602607
cccc,1,231.5381,61.95591,-7.299031,177.8927,-2.85256
cccc,1,231.8881,63.08605,-8.498042,184.4915,-2.827565
cccc,1,232.2381,64.10594,-9.793361,189.242,-2.827565
cccc,1,232.5884,64.95408,-11.20703,198.3002,-3.153158
cccc,1,232.9725,65.71497,-12.84805,200.6317,-3.178154
cccc,1,233.356,66.46136,-14.49287,200.7067,-3.103167
cccc,1,233.7062,67.04433,-16.03485,208.7969,-1.576741
cccc,1,234.0566,67.47315,-17.62944,210.3006,-1.476438
cccc,1,234.4257,67.95212,-19.30115,206.4265,-1.751388
cccc,1,234.7757,68.46192,-20.8693,210.4258,-1.02652
cccc,1,235.1408,68.68558,-22.57405,220.0838,-1.199256
cccc,1,235.4908,68.82715,-24.21785,220.0838,-1.199256
cccc,1,235.8412,68.96885,-25.86316,220.0838,-1.199256
cccc,1,236.225,69.12408,-27.66561,220.0838,-1.199256
cccc,1,236.5753,69.24371,-29.30969,220.0838,-1.199256
cccc,1,236.9419,69.2466,-31.03195,222.1654,-1.199256
cccc,1,237.309,69.18417,-32.75964,230.0527,-1.523805
cccc,1,237.6593,68.82681,-34.39533,232.508,-1.523805
cccc,1,238.0269,67.73096,-35.38148,232.9097,-1.322908
cccc,1,238.377,66.61308,-36.22481,232.9846,-1.247922
cccc,1,238.7271,65.49602,-37.06873,232.6595,-1.14794
cccc,1,239.0774,64.39377,-37.93328,230.7823,-0.8728576
cccc,1,239.4275,63.39667,-38.91276,219.55,-0.59759
cccc,1,239.7781,62.60228,-40.0666,210.6893,0.003238374
cccc,1,240.1284,61.99266,-41.32705,204.1127,0.653666
cccc,1,240.4789,61.4052,-42.60003,204.8878,0.8788009
cccc,1,240.8289,60.8162,-43.86963,204.8878,0.8788009
cccc,1,241.1791,60.22956,-45.14197,204.3618,0.8538055
cccc,1,241.5295,59.67174,-46.42719,202.3351,0.8788009
cccc,1,241.8798,59.17499,-47.7374,200.3812,0.9537871
cccc,1,242.2302,58.65943,-49.04,203.2057,1.378709
cccc,1,242.5804,58.65829,-50.38668,214.1943,0.1022374
cccc,1,242.9305,58.81269,-52.02859,221.7234,-0.3229163
cccc,1,243.2813,58.8324,-53.68079,228.7558,-0.5228796
cccc,1,243.6314,58.58908,-55.31176,237.234,-0.8730661
cccc,1,243.9818,58.10868,-56.89039,246.3203,-1.148687
cccc,1,244.3318,57.41385,-58.3862,251.7209,-1.523855
cccc,1,244.6822,56.57109,-59.80326,261.3778,-1.723943
cccc,1,245.0322,55.56176,-61.10769,263.8774,-1.698948
cccc,1,245.3828,54.45483,-62.33391,269.6176,-1.698948
cccc,1,245.7327,53.2589,-63.46917,269.6175,-2.198856
cccc,1,246.0827,52.10112,-64.64338,269.6175,-2.198856
cccc,1,246.4326,50.84549,-65.70924,278.3909,-1.723943
cccc,1,246.7829,49.4924,-66.65377,284.0719,-2.249568
cccc,1,247.1332,48.02012,-67.39792,290.9767,-2.499721
cccc,1,247.4835,46.47417,-67.97195,298.9576,-2.749781
cccc,1,247.8337,44.86909,-68.35382,302.436,-2.799839
cccc,1,248.1841,43.25797,-68.71239,302.686,-2.799839
cccc,1,248.5343,41.99092,-68.71098,303.1864,-2.799839
cccc,1,248.8851,40.38422,-68.69173,303.9367,-2.799839
cccc,1,249.2355,38.76403,-68.69177,303.9617,-2.799839
cccc,1,249.5858,37.14325,-68.69256,304.5371,-2.799839
cccc,1,249.9363,35.51442,-68.6952,306.4636,-2.875013
cccc,1,250.2863,33.87612,-68.70355,312.4888,-3.349925
cccc,1,250.6371,32.22376,-68.70654,315.1167,-3.475152
cccc,1,250.9871,30.57645,-68.66987,319.3159,-3.675115
cccc,1,251.3373,28.94142,-68.45584,323.0655,-3.97506
cccc,1,251.6875,27.30995,-68.21811,323.7162,-4.000055
cccc,1,252.038,25.67146,-68.02759,321.0178,-4.301074
cccc,1,252.3883,24.03369,-67.83302,323.5933,-3.85098
cccc,1,252.7385,22.42274,-67.48485,329.6507,-3.701008
cccc,1,253.0884,20.86217,-66.95938,336.3495,-3.800989
cccc,1,253.4384,19.33676,-66.33482,337.8994,-3.725934
cccc,1,253.7888,17.8297,-65.66366,341.0529,-3.52575
cccc,1,254.139,16.39289,-64.85569,348.1582,-3.450619
cccc,1,254.4893,15.09165,-63.84399,356.7392,-3.125486
cccc,1,254.8397,13.87674,-62.72739,358.2152,-3.175477
cccc,1,255.1899,12.69293,-61.57833,0.0663147,-3.275631
cccc,1,255.5402,11.55903,-60.37975,2.718567,-3.275631
cccc,1,255.8905,10.52883,-59.09242,10.37534,-2.574912
cccc,1,256.2408,9.693992,-57.671,20.28027,-1.073932
cccc,1,256.5911,9.019356,-56.1642,20.93164,-1.023712
cccc,1,256.9413,8.354158,-54.65288,22.95859,-0.1475865
cccc,1,257.2916,7.746763,-53.11736,23.45847,-0.07260025
cccc,1,257.642,7.125854,-51.53639,18.32941,-0.7235599
cccc,1,257.9923,7.312802,-50.12327,18.0043,-0.7485553
cccc,1,258.3425,7.837694,-48.8282,29.23962,-0.5480049
cccc,1,258.6928,8.59715,-47.65133,33.7178,-0.5730003
cccc,1,259.0436,9.403115,-46.50288,33.54153,-0.5733125
cccc,1,259.3942,10.17792,-45.33412,33.54153,-0.5733125
cccc,1,259.7444,10.96815,-44.17762,37.34711,0.1025506
cccc,1,260.0948,11.80821,-43.05669,33.11856,0.02685511
cccc,1,260.4449,12.5133,-41.84694,29.44357,0.3268001
cccc,1,260.7952,13.20217,-40.62656,29.44357,0.3268001
cccc,1,261.1456,13.89114,-39.40601,29.44357,0.3268001
cccc,1,261.4961,14.5802,-38.18529,29.44357,0.3268001
cccc,1,261.8462,15.26854,-36.96586,29.44357,0.3268001
cccc,1,262.1964,15.95715,-35.74594,29.44357,0.3268001
cccc,1,262.5468,16.64621,-34.52522,29.44357,0.3268001
cccc,1,262.8972,17.33503,-33.30494,29.44357,0.3268001
cccc,1,263.2475,17.93486,-32.03982,23.51743,0.9016946
cccc,1,263.5979,18.49411,-30.7547,23.51743,0.9016946
cccc,1,263.9484,19.05337,-29.46958,23.51743,0.9016946
cccc,1,264.2983,19.59108,-28.1778,19.8931,0.9766808
cccc,1,264.6484,20.04383,-26.85288,18.64264,1.026672
cccc,1,264.9991,20.49231,-25.52354,18.64264,1.026672
cccc,1,265.3491,20.93969,-24.19745,18.64264,1.026672
cccc,1,265.6993,21.38744,-22.87024,18.64264,1.026672
cccc,1,266.0503,21.82378,-21.53625,17.05899,0.6245308
cccc,1,266.4007,22.22845,-20.19447,16.75906,0.4995538
cccc,1,266.7506,22.6316,-18.85409,16.48413,0.4245675
cccc,1,267.101,22.90136,-17.4811,7.910156,-0.6502353
cccc,1,267.4509,23.09398,-16.09477,7.910156,-0.6502353
cccc,1,267.8011,23.28676,-14.70727,7.910156,-0.6502353
cccc,1,268.1516,23.47972,-13.31852,7.910156,-0.6502353
cccc,1,268.5019,23.67251,-11.93096,7.910156,-0.6502353
cccc,1,268.8524,23.86545,-10.54233,7.910156,-0.6502353
cccc,1,269.2025,24.05814,-9.155488,7.910156,-0.6502353
cccc,1,269.5528,24.25097,-7.767653,7.910156,-0.6502353
cccc,1,269.9084,24.44676,-6.358503,7.910156,-0.6502353
cccc,1,270.2584,24.63938,-4.972167,7.910156,-0.6502353
cccc,1,270.6083,24.832,-3.585832,7.910156,-0.6502353
cccc,1,270.9583,24.79175,-2.301722,7.910156,-0.6502353
cccc,1,271.3082,23.87559,-0.9954312,8.660004,-0.4252766
cccc,1,271.6581,22.95392,0.3723213,12.45923,-0.3002995
cccc,1,272.0081,22.14751,1.810665,17.78326,-0.2503087
cccc,1,272.358,21.49065,3.322214,25.78186,0.09962715
cccc,1,272.7222,21.01,4.969603,31.88541,2.018583
cccc,1,273.0724,20.72209,6.593907,36.28946,2.344266
cccc,1,273.4224,20.50723,8.226774,39.83881,2.244285
cccc,1,273.7723,20.5273,9.87463,47.98721,1.894349
cccc,1,274.1224,20.7064,11.51412,54.71448,1.669323
cccc,1,274.4728,21.10072,13.11672,60.91974,1.569187
cccc,1,274.8231,21.55396,14.70427,60.94492,1.569187
cccc,1,275.1733,22.00712,16.29149,60.94492,1.569187
cccc,1,275.5236,22.46034,17.87894,60.94492,1.569187
cccc,1,275.8738,23.26845,19.23942,60.94492,1.569187
cccc,1,276.2241,24.49221,19.92106,61.1701,1.569187
cccc,1,276.5758,25.67419,20.68012,54.46912,1.769974
cccc,1,276.9257,26.81219,21.49399,54.39413,1.769974
cccc,2,0.3756104,-44.187,-2.6,54.39413,1.769974
cccc,2,0.7258301,-44.187,-2.6,40.3797,0.6187864
cccc,2,1.076111,-44.187,-2.6,26.09006,0.5687574
cccc,2,1.426392,-44.187,-2.6,8.726501,0.01883928
cccc,2,1.776733,-44.187,-2.6,354.0887,-0.6566293
cccc,2,2.127075,-44.19034,-2.600347,354.0636,-0.6566293
cccc,2,2.477356,-44.92757,-2.677006,354.0636,-0.6566293
cccc,2,2.827637,-45.14662,-2.69978,354.0886,-0.4812257
